[{"@type":"mappingTemplate","id":"@1","name":"Mapping_RESTV2","description":"","bundleVersion":"0","templateId":"@3","hasParameters":false,"valid":true,"fixedConnection":true,"hasParametersDeployed":false,"fixedConnectionDeployed":false,"isSchemaValidationEnabled":false,"tasks":0,"mappingPreviewFileRecordId":"@2","documentType":"MAPPING","references":[{"@type":"reference","refObjectId":"@3YfuOtBTVESd0x5PHQ5DM0","refType":"connection"},{"@type":"reference","refObjectId":"@2WSD5xWgRMxlTY0XD2i8IN","refType":"connection"}]}]